{"cameraMode":{"drawMode":0,"name":"Shaded","section":"Shading Mode"},"sceneLighting":true,"audioPlay":false,"sceneViewState":{"showFog":false,"showMaterialUpdate":true,"showSkybox":true,"showFlares":true,"showImageEffects":false,"showParticleSystems":true},"in2DMode":false,"pivot":{"x":196.44000244140626,"y":3.5,"z":158.77999877929688},"rotation":{"x":0.07002771645784378,"y":0.7673118710517883,"z":-0.08505554497241974,"w":0.63173907995224},"size":3.4506702423095705,"orthographic":false}