{"cameraMode":{"drawMode":0,"name":"Shaded","section":"Shading Mode"},"sceneLighting":false,"audioPlay":false,"sceneViewState":{"showFog":false,"showMaterialUpdate":true,"showSkybox":false,"showFlares":true,"showImageEffects":true,"showParticleSystems":true},"in2DMode":false,"pivot":{"x":0.3016756474971771,"y":0.8270717859268189,"z":-0.2413042187690735},"rotation":{"x":-0.0026475372724235059,"y":0.9489805698394775,"z":-0.007969917729496956,"w":-0.3152228593826294},"size":0.8169118762016296,"orthographic":false}