{"cameraMode":{"drawMode":0,"name":"Shaded","section":"Shading Mode"},"sceneLighting":false,"audioPlay":false,"sceneViewState":{"showFog":false,"showMaterialUpdate":true,"showSkybox":false,"showFlares":true,"showImageEffects":false,"showParticleSystems":true},"in2DMode":false,"pivot":{"x":0.0011433139443397523,"y":-0.000005088746547698975,"z":4.470348358154297e-8},"rotation":{"x":-0.0024565078783780338,"y":0.9281628131866455,"z":0.006127723027020693,"w":0.37211599946022036},"size":0.5849519968032837,"orthographic":false}