{"cameraMode":{"drawMode":0,"name":"Shaded","section":"Shading Mode"},"sceneLighting":false,"audioPlay":false,"sceneViewState":{"showFog":false,"showMaterialUpdate":true,"showSkybox":false,"showFlares":true,"showImageEffects":false,"showParticleSystems":true},"in2DMode":false,"pivot":{"x":249.28543090820313,"y":19.793527603149415,"z":249.1937255859375},"rotation":{"x":0.15296727418899537,"y":0.5868503451347351,"z":-0.11408031731843949,"w":0.7868884205818176},"size":1172.0970458984375,"orthographic":false}