{"cameraMode":{"drawMode":0,"name":"Shaded","section":"Shading Mode"},"sceneLighting":false,"audioPlay":false,"sceneViewState":{"showFog":false,"showMaterialUpdate":true,"showSkybox":false,"showFlares":true,"showImageEffects":false,"showParticleSystems":true},"in2DMode":false,"pivot":{"x":249.31761169433595,"y":19.77290153503418,"z":249.26943969726563},"rotation":{"x":0.06905747205018997,"y":0.9077063798904419,"z":-0.165175199508667,"w":0.379496306180954},"size":1171.849365234375,"orthographic":false}